"","UNIPROTKB","GENES"
"1","P23396","RPS3"
"2","P23396","OK/SW-cl.26"
"3","P68366","TUBA4A"
"4","P68366","TUBA1"
"5","P68366","TUBA4A"
"6","P68366","TUBA1"
"7","P68366","TUBA4A"
"8","P68366","TUBA1"
"9","P68366","TUBA4A"
"10","P68366","TUBA1"
"11","Q71U36","TUBA1A"
"12","Q71U36","TUBA3"
"13","Q71U36","TUBA1A"
"14","Q71U36","TUBA3"
"15","Q71U36","TUBA1A"
"16","Q71U36","TUBA3"
"17","Q71U36","TUBA1A"
"18","Q71U36","TUBA3"
"19","Q71U36","TUBA1A"
"20","Q71U36","TUBA3"
"21","Q71U36","TUBA1A"
"22","Q71U36","TUBA3"
"23","Q7L1Q6","BZW1"
"24","Q7L1Q6","BZAP45"
"25","Q7L1Q6","KIAA0005"
"26","P04406","GAPDH"
"27","P04406","GAPD"
"28","P04406","CDABP0047"
"29","P04406","OK/SW-cl.12"
"30","Q99873","PRMT1"
"31","Q99873","HMT2"
"32","Q99873","HRMT1L2"
"33","Q99873","IR1B4"
"34","Q15365","PCBP1"
"35","Q15365","PCBP1"
"36","Q13526","PIN1"
"37","Q9Y266","NUDC"
"38","Q9Y696","CLIC4"
"39","P24752","ACAT1"
"40","P24752","ACAT"
"41","P24752","MAT"
"42","P24752","ACAT1"
"43","P24752","ACAT"
"44","P24752","MAT"
"45","P24752","ACAT1"
"46","P24752","ACAT"
"47","P24752","MAT"
"48","P24752","ACAT1"
"49","P24752","ACAT"
"50","P24752","MAT"
"51","P10809","HSPD1"
"52","P10809","HSP60"
"53","P09211","GSTP1"
"54","P09211","FAEES3"
"55","P09211","GST3"
"56","Q86SX6","GLRX5"
"57","Q86SX6","C14orf87"
"58","P13639","EEF2"
"59","P13639","EF2"
"60","P13639","EEF2"
"61","P13639","EF2"
"62","O14980","XPO1"
"63","O14980","CRM1"
"64","O14980","XPO1"
"65","O14980","CRM1"
"66","Q99832","CCT7"
"67","Q99832","CCTH"
"68","Q99832","NIP7-1"
"69","Q99832","CCT7"
"70","Q99832","CCTH"
"71","Q99832","NIP7-1"
"72","P62280","RPS11"
"73","P62280","RPS11"
"74","P78417","GSTO1"
"75","P78417","GSTTLP28"
"76","P10599","TXN"
"77","P10599","TRDX"
"78","P10599","TRX"
"79","P10599","TRX1"
"80","P50990","CCT8"
"81","P50990","C21orf112"
"82","P50990","CCTQ"
"83","P50990","KIAA0002"
"84","P50990","CCT8"
"85","P50990","C21orf112"
"86","P50990","CCTQ"
"87","P50990","KIAA0002"
"88","P13667","PDIA4"
"89","P13667","ERP70"
"90","P13667","ERP72"
"91","P13667","PDIA4"
"92","P13667","ERP70"
"93","P13667","ERP72"
"94","P13667","PDIA4"
"95","P13667","ERP70"
"96","P13667","ERP72"
"97","P13667","PDIA4"
"98","P13667","ERP70"
"99","P13667","ERP72"
"100","P55735","SEC13"
"101","P55735","D3S1231E"
"102","P55735","SEC13L1"
"103","P55735","SEC13R"
"104","Q15185","PTGES3"
"105","Q15185","P23"
"106","Q15185","TEBP"
"107","P55263","ADK"
"108","P46782","RPS5"
"109","Q99439","CNN2"
"110","Q99439","CNN2"
"111","Q2TAA2","IAH1"
"112","P30044","PRDX5"
"113","P30044","ACR1"
"114","P30044","SBBI10"
"115","P30044","PRDX5"
"116","P30044","ACR1"
"117","P30044","SBBI10"
"118","P12268","IMPDH2"
"119","P12268","IMPD2"
"120","P12268","IMPDH2"
"121","P12268","IMPD2"
"122","Q99714","HSD17B10"
"123","Q99714","ERAB"
"124","Q99714","HADH2"
"125","Q99714","MRPP2"
"126","Q99714","SCHAD"
"127","Q99714","SDR5C1"
"128","Q99714","XH98G2"
"129","Q9NQR4","NIT2"
"130","Q9NQR4","CUA002"
"131","P15121","AKR1B1"
"132","P15121","ALDR1"
"133","Q6UB35","MTHFD1L"
"134","Q6UB35","FTHFSDC1"
"135","Q6UB35","MTHFD1L"
"136","Q6UB35","FTHFSDC1"
"137","P07437","TUBB"
"138","P07437","TUBB5"
"139","P07437","OK/SW-cl.56"
"140","P07437","TUBB"
"141","P07437","TUBB5"
"142","P07437","OK/SW-cl.56"
"143","Q15084","PDIA6"
"144","Q15084","ERP5"
"145","Q15084","P5"
"146","Q15084","TXNDC7"
"147","Q15084","PDIA6"
"148","Q15084","ERP5"
"149","Q15084","P5"
"150","Q15084","TXNDC7"
"151","P14618","PKM"
"152","P14618","OIP3"
"153","P14618","PK2"
"154","P14618","PK3"
"155","P14618","PKM2"
"156","P62266","RPS23"
"157","O95336","PGLS"
"158","P62701","RPS4X"
"159","P62701","CCG2"
"160","P62701","RPS4"
"161","P62701","SCAR"
"162","P62829","RPL23"
"163","Q96HE7","ERO1A"
"164","Q96HE7","ERO1L"
"165","Q96HE7","UNQ434/PRO865"
"166","Q96HE7","ERO1A"
"167","Q96HE7","ERO1L"
"168","Q96HE7","UNQ434/PRO865"
"169","Q96HE7","ERO1A"
"170","Q96HE7","ERO1L"
"171","Q96HE7","UNQ434/PRO865"
"172","Q9BRA2","TXNDC17"
"173","Q9BRA2","TXNL5"
"174","P30101","PDIA3"
"175","P30101","ERP57"
"176","P30101","ERP60"
"177","P30101","GRP58"
"178","P30101","PDIA3"
"179","P30101","ERP57"
"180","P30101","ERP60"
"181","P30101","GRP58"
"182","P83731","RPL24"
"183","P83731","RPL24"
"184","Q9ULV4","CORO1C"
"185","Q9ULV4","CRN2"
"186","Q9ULV4","CRNN4"
"187","Q9ULV4","CORO1C"
"188","Q9ULV4","CRN2"
"189","Q9ULV4","CRNN4"
"190","P42677","RPS27"
"191","P42677","MPS1"
"192","O00299","CLIC1"
"193","O00299","G6"
"194","O00299","NCC27"
"195","P49458","SRP9"
"196","P42765","ACAA2"
"197","Q15233","NONO"
"198","Q15233","NRB54"
"199","P50570","DNM2"
"200","P50570","DYN2"
"201","P25205","MCM3"
"202","Q5TFE4","NT5DC1"
"203","Q5TFE4","NT5C2L1"
"204","Q5TFE4","LP2642"
"205","Q06323","PSME1"
"206","Q06323","IFI5111"
"207","P49591","SARS"
"208","P49591","SERS"
"209","Q96RS6","NUDCD1"
"210","Q96RS6","CML66"
"211","Q96RS6","NUDCD1"
"212","Q96RS6","CML66"
"213","Q9BXJ9","NAA15"
"214","Q9BXJ9","GA19"
"215","Q9BXJ9","NARG1"
"216","Q9BXJ9","NATH"
"217","Q9BXJ9","TBDN100"
"218","Q9BXJ9","NAA15"
"219","Q9BXJ9","GA19"
"220","Q9BXJ9","NARG1"
"221","Q9BXJ9","NATH"
"222","Q9BXJ9","TBDN100"
"223","P33240","CSTF2"
"224","Q13155","AIMP2"
"225","Q13155","JTV1"
"226","Q13155","PRO0992"
"227","Q13155","AIMP2"
"228","Q13155","JTV1"
"229","Q13155","PRO0992"
"230","O75663","TIPRL"
"231","P63244","RACK1"
"232","P63244","GNB2L1"
"233","P63244","HLC7"
"234","P63244","PIG21"
"235","Q7L2H7","EIF3M"
"236","Q7L2H7","HFLB5"
"237","Q7L2H7","PCID1"
"238","Q7L2H7","GA17"
"239","Q7L2H7","PNAS-125"
"240","P49327","FASN"
"241","P49327","FAS"
"242","P49327","FASN"
"243","P49327","FAS"
"244","P42166","TMPO"
"245","P42166","LAP2"
"246","P42166","TMPO"
"247","P42166","LAP2"
"248","P42166","TMPO"
"249","P42166","LAP2"
"250","P42166","TMPO"
"251","P42166","LAP2"
"252","P36578","RPL4"
"253","P36578","RPL1"
"254","Q9NXG2","THUMPD1"
"255","P07237","P4HB"
"256","P07237","ERBA2L"
"257","P07237","PDI"
"258","P07237","PDIA1"
"259","P07237","PO4DB"
"260","P07237","P4HB"
"261","P07237","ERBA2L"
"262","P07237","PDI"
"263","P07237","PDIA1"
"264","P07237","PO4DB"
"265","P27707","DCK"
"266","P27707","DCK"
"267","O00303","EIF3F"
"268","O00303","EIF3S5"
"269","Q9UNH7","SNX6"
"270","O43390","HNRNPR"
"271","O43390","HNRPR"
"272","Q96JB2","COG3"
"273","Q96JB2","SEC34"
"274","P46109","CRKL"
"275","P62888","RPL30"
"276","Q9NUY8","TBC1D23"
"277","Q9NUY8","NS4ATP1"
"278","Q09161","NCBP1"
"279","Q09161","CBP80"
"280","Q09161","NCBP"
"281","Q9UJW0","DCTN4"
"282","O15294","OGT"
"283","O15294","OGT"
"284","P38646","HSPA9"
"285","P38646","GRP75"
"286","P38646","HSPA9B"
"287","P38646","mt-HSP70"
"288","Q9HA64","FN3KRP"
"289","Q9Y6G9","DYNC1LI1"
"290","Q9Y6G9","DNCLI1"
"291","P52597","HNRNPF"
"292","P52597","HNRPF"
"293","P52597","HNRNPF"
"294","P52597","HNRPF"
"295","Q99497","PARK7"
"296","P57764","GSDMD"
"297","P57764","DFNA5L"
"298","P57764","GSDMDC1"
"299","P57764","FKSG10"
"300","A6NDG6","PGP"
"301","Q14566","MCM6"
"302","Q00610","CLTC"
"303","Q00610","CLH17"
"304","Q00610","CLTCL2"
"305","Q00610","KIAA0034"
"306","Q96T76","MMS19"
"307","Q96T76","MMS19L"
"308","Q96T76","MMS19"
"309","Q96T76","MMS19L"
"310","Q96T76","MMS19"
"311","Q96T76","MMS19L"
"312","Q96T76","MMS19"
"313","Q96T76","MMS19L"
"314","P61158","ACTR3"
"315","P61158","ARP3"
"316","P23528","CFL1"
"317","P23528","CFL"
"318","Q9NQ88","TIGAR"
"319","Q9NQ88","C12orf5"
"320","Q9NQ88","TIGAR"
"321","Q9NQ88","C12orf5"
"322","Q9UKF6","CPSF3"
"323","Q9UKF6","CPSF73"
"324","Q8TAQ2","SMARCC2"
"325","Q8TAQ2","BAF170"
"326","P68036","UBE2L3"
"327","P68036","UBCE7"
"328","P68036","UBCH7"
"329","Q9Y3A3","MOB4"
"330","Q9Y3A3","MOB3"
"331","Q9Y3A3","MOBKL3"
"332","Q9Y3A3","PHOCN"
"333","Q9Y3A3","PREI3"
"334","Q9Y3A3","CGI-95"
"335","P49588","AARS"
"336","Q96IJ6","GMPPA"
"337","P27635","RPL10"
"338","P27635","DXS648E"
"339","P27635","QM"
"340","O15145","ARPC3"
"341","O15145","ARC21"
"342","P48643","CCT5"
"343","P48643","CCTE"
"344","P48643","KIAA0098"
"345","P11586","MTHFD1"
"346","P11586","MTHFC"
"347","P11586","MTHFD"
"348","P11586","MTHFD1"
"349","P11586","MTHFC"
"350","P11586","MTHFD"
"351","Q96GX2","ATXN7L3B"
"352","P17987","TCP1"
"353","P17987","CCT1"
"354","P17987","CCTA"
"355","Q9NYL9","TMOD3"
"356","Q9NYL9","TMOD3"
"357","O00429","DNM1L"
"358","O00429","DLP1"
"359","O00429","DRP1"
"360","Q9ULA0","DNPEP"
"361","Q9ULA0","ASPEP"
"362","Q9ULA0","DAP"
"363","Q9BWD1","ACAT2"
"364","Q9BWD1","ACTL"
"365","Q8NBS9","TXNDC5"
"366","Q8NBS9","TLP46"
"367","Q8NBS9","UNQ364/PRO700"
"368","Q8NBS9","TXNDC5"
"369","Q8NBS9","TLP46"
"370","Q8NBS9","UNQ364/PRO700"
"371","P04183","TK1"
"372","P04183","TK1"
"373","Q15021","NCAPD2"
"374","Q15021","CAPD2"
"375","Q15021","CNAP1"
"376","Q15021","KIAA0159"
"377","Q15021","NCAPD2"
"378","Q15021","CAPD2"
"379","Q15021","CNAP1"
"380","Q15021","KIAA0159"
"381","Q8WUM4","PDCD6IP"
"382","Q8WUM4","AIP1"
"383","Q8WUM4","ALIX"
"384","Q8WUM4","KIAA1375"
"385","Q8WUM4","PDCD6IP"
"386","Q8WUM4","AIP1"
"387","Q8WUM4","ALIX"
"388","Q8WUM4","KIAA1375"
"389","Q96F86","EDC3"
"390","Q96F86","LSM16"
"391","Q96F86","YJDC"
"392","Q96F86","YJEFN2"
"393","Q96F86","PP844"
"394","Q96F86","EDC3"
"395","Q96F86","LSM16"
"396","Q96F86","YJDC"
"397","Q96F86","YJEFN2"
"398","Q96F86","PP844"
"399","Q96F86","EDC3"
"400","Q96F86","LSM16"
"401","Q96F86","YJDC"
"402","Q96F86","YJEFN2"
"403","Q96F86","PP844"
"404","P35754","GLRX"
"405","P35754","GRX"
"406","P25705","ATP5A1"
"407","P25705","ATP5A"
"408","P25705","ATP5AL2"
"409","P25705","ATPM"
"410","P15374","UCHL3"
"411","Q9NX24","NHP2"
"412","Q9NX24","NOLA2"
"413","Q9NX24","HSPC286"
"414","Q13418","ILK"
"415","Q13418","ILK1"
"416","Q13418","ILK2"
"417","Q13428","TCOF1"
"418","Q13428","TCOF1"
"419","P24941","CDK2"
"420","P24941","CDKN2"
"421","P43686","PSMC4"
"422","P43686","MIP224"
"423","P43686","TBP7"
"424","Q9BTA9","WAC"
"425","Q9BTA9","KIAA1844"
"426","O14929","HAT1"
"427","O14929","KAT1"
"428","O75521","ECI2"
"429","O75521","DRS1"
"430","O75521","HCA88"
"431","O75521","PECI"
"432","A0AVT1","UBA6"
"433","A0AVT1","MOP4"
"434","A0AVT1","UBE1L2"
"435","Q96AB3","ISOC2"
"436","Q14203","DCTN1"
"437","Q9BTE3","MCMBP"
"438","Q9BTE3","C10orf119"
"439","Q9BTE3","MCMBP"
"440","Q9BTE3","C10orf119"
"441","O95373","IPO7"
"442","O95373","RANBP7"
"443","P22061","PCMT1"
"444","P55060","CSE1L"
"445","P55060","CAS"
"446","P55060","XPO2"
"447","P62333","PSMC6"
"448","P62333","SUG2"
"449","P62333","PSMC6"
"450","P62333","SUG2"
"451","P62333","PSMC6"
"452","P62333","SUG2"
"453","Q15398","DLGAP5"
"454","Q15398","DLG7"
"455","Q15398","KIAA0008"
"456","Q9BVC5","C2orf49"
"457","P42224","STAT1"
"458","P42224","STAT1"
"459","Q96RN5","MED15"
"460","Q96RN5","ARC105"
"461","Q96RN5","CTG7A"
"462","Q96RN5","PCQAP"
"463","Q96RN5","TIG1"
"464","Q96RN5","TNRC7"
"465","Q96RN5","MED15"
"466","Q96RN5","ARC105"
"467","Q96RN5","CTG7A"
"468","Q96RN5","PCQAP"
"469","Q96RN5","TIG1"
"470","Q96RN5","TNRC7"
"471","P23919","DTYMK"
"472","P23919","CDC8"
"473","P23919","TMPK"
"474","P23919","TYMK"
"475","P23919","DTYMK"
"476","P23919","CDC8"
"477","P23919","TMPK"
"478","P23919","TYMK"
"479","Q92616","GCN1"
"480","Q92616","GCN1L1"
"481","Q92616","KIAA0219"
"482","Q92616","GCN1"
"483","Q92616","GCN1L1"
"484","Q92616","KIAA0219"
"485","Q92616","GCN1"
"486","Q92616","GCN1L1"
"487","Q92616","KIAA0219"
"488","O95571","ETHE1"
"489","O95571","HSCO"
"490","O14777","NDC80"
"491","O14777","HEC"
"492","O14777","HEC1"
"493","O14777","KNTC2"
"494","P36542","ATP5C1"
"495","P36542","ATP5C"
"496","P36542","ATP5CL1"
"497","Q9Y3D0","FAM96B"
"498","Q9Y3D0","MIP18"
"499","Q9Y3D0","CGI-128"
"500","Q9Y3D0","HSPC118"
"501","P54136","RARS"
"502","Q8TBC4","UBA3"
"503","Q8TBC4","UBE1C"
"504","Q13573","SNW1"
"505","Q13573","SKIIP"
"506","Q13573","SKIP"
"507","P46734","MAP2K3"
"508","P46734","MEK3"
"509","P46734","MKK3"
"510","P46734","PRKMK3"
"511","P46734","SKK2"
"512","P46734","MAP2K3"
"513","P46734","MEK3"
"514","P46734","MKK3"
"515","P46734","PRKMK3"
"516","P46734","SKK2"
"517","P34932","HSPA4"
"518","P34932","APG2"
"519","Q9UBR2","CTSZ"
"520","Q9UBR2","CTSZ"
"521","Q16763","UBE2S"
"522","Q16763","E2EPF"
"523","Q16763","OK/SW-cl.73"
"524","Q06203","PPAT"
"525","Q06203","GPAT"
"526","P51649","ALDH5A1"
"527","P51649","SSADH"
"528","P43246","MSH2"
"529","P43246","MSH2"
"530","P27708","CAD"
"531","Q16822","PCK2"
"532","Q16822","PEPCK2"
"533","Q01813","PFKP"
"534","Q01813","PFKF"
"535","Q01813","PFKP"
"536","Q01813","PFKF"
"537","Q01813","PFKP"
"538","Q01813","PFKF"
"539","Q96CM8","ACSF2"
"540","Q96CM8","UNQ493/PRO1009"
"541","Q9BUK6","MSTO1"
"542","Q9BUK6","LST005"
"543","Q9BUK6","SLTP005"
"544","Q9BUK6","MSTO1"
"545","Q9BUK6","LST005"
"546","Q9BUK6","SLTP005"
"547","P22234","PAICS"
"548","P22234","ADE2"
"549","P22234","AIRC"
"550","P22234","PAIS"
"551","Q6ICB0","DESI1"
"552","Q6ICB0","FAM152B"
"553","Q6ICB0","PPPDE2"
"554","Q8IUR0","TRAPPC5"
"555","P38606","ATP6V1A"
"556","P38606","ATP6A1"
"557","P38606","ATP6V1A1"
"558","P38606","VPP2"
"559","P38606","ATP6V1A"
"560","P38606","ATP6A1"
"561","P38606","ATP6V1A1"
"562","P38606","VPP2"
"563","P82932","MRPS6"
"564","P82932","C21orf101"
"565","P82932","RPMS6"
"566","Q9NS86","LANCL2"
"567","Q9NS86","GPR69B"
"568","Q9NS86","TASP"
"569","P09110","ACAA1"
"570","P09110","ACAA"
"571","P09110","PTHIO"
"572","P09110","ACAA1"
"573","P09110","ACAA"
"574","P09110","PTHIO"
"575","Q9HAV7","GRPEL1"
"576","Q9HAV7","GREPEL1"
"577","Q14738","PPP2R5D"
"578","Q99757","TXN2"
"579","Q99757","TRX2"
"580","P51570","GALK1"
"581","P51570","GALK"
"582","Q06330","RBPJ"
"583","Q06330","IGKJRB"
"584","Q06330","IGKJRB1"
"585","Q06330","RBPJK"
"586","Q06330","RBPSUH"
"587","Q9NVC6","MED17"
"588","Q9NVC6","ARC77"
"589","Q9NVC6","CRSP6"
"590","Q9NVC6","DRIP77"
"591","Q9NVC6","DRIP80"
"592","Q9NVC6","TRAP80"
"593","Q96S55","WRNIP1"
"594","Q96S55","WHIP"
"595","Q0VGL1","LAMTOR4"
"596","Q0VGL1","C7orf59"
"597","Q86W42","THOC6"
"598","Q86W42","WDR58"
"599","Q86W42","PSEC0006"
"600","Q00839","HNRNPU"
"601","Q00839","HNRPU"
"602","Q00839","SAFA"
"603","Q00839","U21.1"
"604","Q8WW01","TSEN15"
"605","Q8WW01","C1orf19"
"606","Q8WW01","SEN15"
"607","O60610","DIAPH1"
"608","O60610","DIAP1"
"609","Q9NVM9","INTS13"
"610","Q9NVM9","ASUN"
"611","Q9NVM9","C12orf11"
"612","Q9NVM9","GCT1"
"613","O15067","PFAS"
"614","O15067","KIAA0361"
"615","O15067","PFAS"
"616","O15067","KIAA0361"
"617","P35611","ADD1"
"618","P35611","ADDA"
"619","P46940","IQGAP1"
"620","P46940","KIAA0051"
"621","O95229","ZWINT"
"622","Q969Q0","RPL36AL"
"623","Q29RF7","PDS5A"
"624","Q29RF7","KIAA0648"
"625","Q29RF7","PDS5"
"626","Q29RF7","PIG54"
"627","Q29RF7","PDS5A"
"628","Q29RF7","KIAA0648"
"629","Q29RF7","PDS5"
"630","Q29RF7","PIG54"
"631","Q2NL82","TSR1"
"632","Q2NL82","KIAA1401"
"633","Q9UKX7","NUP50"
"634","Q9UKX7","NPAP60L"
"635","Q9UKX7","PRO1146"
"636","P18621","RPL17"
"637","P49189","ALDH9A1"
"638","P49189","ALDH4"
"639","P49189","ALDH7"
"640","P49189","ALDH9"
"641","P45985","MAP2K4"
"642","P45985","JNKK1"
"643","P45985","MEK4"
"644","P45985","MKK4"
"645","P45985","PRKMK4"
"646","P45985","SEK1"
"647","P45985","SERK1"
"648","P45985","SKK1"
"649","Q9BRF8","CPPED1"
"650","Q9BRF8","CSTP1"
"651","O00170","AIP"
"652","O00170","XAP2"
"653","Q9UNI6","DUSP12"
"654","Q9UNI6","DUSP12"
"655","P52657","GTF2A2"
"656","P52657","TF2A2"
"657","P37235","HPCAL1"
"658","P37235","BDR1"
"659","P53602","MVD"
"660","P53602","MPD"
"661","Q96C19","EFHD2"
"662","Q96C19","SWS1"
"663","Q9NQC3","RTN4"
"664","Q9NQC3","KIAA0886"
"665","Q9NQC3","NOGO"
"666","Q9NQC3","My043"
"667","Q9NQC3","SP1507"
"668","O43175","PHGDH"
"669","O43175","PGDH3"
"670","Q99638","RAD9A"
"671","Q06830","PRDX1"
"672","Q06830","PAGA"
"673","Q06830","PAGB"
"674","Q06830","TDPX2"
"675","Q00796","SORD"
"676","Q9NRG0","CHRAC1"
"677","Q9NRG0","CHRAC15"
"678","P31949","S100A11"
"679","P31949","MLN70"
"680","P31949","S100C"
"681","Q9NY65","TUBA8"
"682","Q9NY65","TUBAL2"
"683","Q9NXV6","CDKN2AIP"
"684","Q9NXV6","CARF"
"685","Q13162","PRDX4"
"686","Q14997","PSME4"
"687","Q14997","KIAA0077"
"688","Q15003","NCAPH"
"689","Q15003","BRRN"
"690","Q15003","BRRN1"
"691","Q15003","CAPH"
"692","Q15003","KIAA0074"
"693","Q01433","AMPD2"
"694","O75874","IDH1"
"695","O75874","PICD"
"696","P11498","PC"
"697","P49411","TUFM"
"698","Q9H0C8","ILKAP"
"699","Q02252","ALDH6A1"
"700","Q02252","MMSDH"
"701","O00487","PSMD14"
"702","O00487","POH1"
"703","O75362","ZNF217"
"704","O75362","ZABC1"
"705","P10644","PRKAR1A"
"706","P10644","PKR1"
"707","P10644","PRKAR1"
"708","P10644","TSE1"
"709","P51610","HCFC1"
"710","P51610","HCF1"
"711","P51610","HFC1"
"712","P0CB43",NA
"713","O60825","PFKFB2"
"714","Q15813","TBCE"
"715","Q8N1F7","NUP93"
"716","Q8N1F7","KIAA0095"
"717","Q9P0J1","PDP1"
"718","Q9P0J1","PDP"
"719","Q9P0J1","PPM2C"
"720","P07858","CTSB"
"721","P07858","CPSB"
"722","P07858","CTSB"
"723","P07858","CPSB"
"724","P12814","ACTN1"
"725","Q86WS5","TMPRSS12"
"726","Q9NQW6","ANLN"
"727","Q9NY27","PPP4R2"
"728","Q9NY27","SBBI57"
"729","P40763","STAT3"
"730","P40763","APRF"
"731","O60701","UGDH"
"732","Q09666","AHNAK"
"733","Q09666","PM227"
"734","P49773","HINT1"
"735","P49773","HINT"
"736","P49773","PKCI1"
"737","P49773","PRKCNH1"
"738","O95071","UBR5"
"739","O95071","EDD"
"740","O95071","EDD1"
"741","O95071","HYD"
"742","O95071","KIAA0896"
"743","O95071","UBR5"
"744","O95071","EDD"
"745","O95071","EDD1"
"746","O95071","HYD"
"747","O95071","KIAA0896"
"748","Q9Y3Z3","SAMHD1"
"749","Q9Y3Z3","MOP5"
"750","O75717","WDHD1"
"751","O75717","AND1"
"752","Q9NPF4","OSGEP"
"753","Q9NPF4","GCPL1"
"754","P16455","MGMT"
"755","P16455","MGMT"
"756","Q96GG9","DCUN1D1"
"757","Q96GG9","DCUN1L1"
"758","Q96GG9","RP42"
"759","Q96GG9","SCCRO"
"760","P13797","PLS3"
"761","P37198","NUP62"
"762","P00813","ADA"
"763","P00813","ADA1"
"764","O75153","CLUH"
"765","O75153","KIAA0664"
"766","A6NDU8","C5orf51"
"767","Q9BWU1","CDK19"
"768","Q9BWU1","CDC2L6"
"769","Q9BWU1","CDK11"
"770","Q9BWU1","KIAA1028"
"771","Q15208","STK38"
"772","Q15208","NDR1"
"773","Q9UKV3","ACIN1"
"774","Q9UKV3","ACINUS"
"775","Q9UKV3","KIAA0670"
"776","P45984","MAPK9"
"777","P45984","JNK2"
"778","P45984","PRKM9"
"779","P45984","SAPK1A"
"780","Q14204","DYNC1H1"
"781","Q14204","DHC1"
"782","Q14204","DNCH1"
"783","Q14204","DNCL"
"784","Q14204","DNECL"
"785","Q14204","DYHC"
"786","Q14204","KIAA0325"
"787","Q14204","DYNC1H1"
"788","Q14204","DHC1"
"789","Q14204","DNCH1"
"790","Q14204","DNCL"
"791","Q14204","DNECL"
"792","Q14204","DYHC"
"793","Q14204","KIAA0325"
"794","Q14204","DYNC1H1"
"795","Q14204","DHC1"
"796","Q14204","DNCH1"
"797","Q14204","DNCL"
"798","Q14204","DNECL"
"799","Q14204","DYHC"
"800","Q14204","KIAA0325"
"801","P29590","PML"
"802","P29590","MYL"
"803","P29590","PP8675"
"804","P29590","RNF71"
"805","P29590","TRIM19"
"806","P29590","PML"
"807","P29590","MYL"
"808","P29590","PP8675"
"809","P29590","RNF71"
"810","P29590","TRIM19"
"811","P13796","LCP1"
"812","P13796","PLS2"
"813","Q9NWV8","BABAM1"
"814","Q9NWV8","C19orf62"
"815","Q9NWV8","MERIT40"
"816","Q9NWV8","NBA1"
"817","Q9NWV8","HSPC142"
"818","O14879","IFIT3"
"819","O14879","CIG-49"
"820","O14879","IFI60"
"821","O14879","IFIT4"
"822","O14879","ISG60"
"823","O14879","IFIT3"
"824","O14879","CIG-49"
"825","O14879","IFI60"
"826","O14879","IFIT4"
"827","O14879","ISG60"
"828","P50749","RASSF2"
"829","P50749","CENP-34"
"830","P50749","KIAA0168"
"831","O43396","TXNL1"
"832","O43396","TRP32"
"833","O43396","TXL"
"834","O43396","TXNL"
"835","P35658","NUP214"
"836","P35658","CAIN"
"837","P35658","CAN"
"838","P35658","KIAA0023"
"839","Q96FX7","TRMT61A"
"840","Q96FX7","C14orf172"
"841","Q96FX7","TRM61"
"842","O75822","EIF3J"
"843","O75822","EIF3S1"
"844","O75822","PRO0391"
"845","Q9UBQ7","GRHPR"
"846","Q9UBQ7","GLXR"
"847","Q9UBQ7","MSTP035"
"848","P51946","CCNH"
"849","P05091","ALDH2"
"850","P05091","ALDM"
"851","Q9NZL4","HSPBP1"
"852","Q9NZL4","HSPBP"
"853","Q9NZL4","PP1845"
"854","O75439","PMPCB"
"855","O75439","MPPB"
"856","Q16527","CSRP2"
"857","Q16527","LMO5"
"858","Q16527","SMLIM"
"859","Q8TC07","TBC1D15"
"860","Q15149","PLEC"
"861","Q15149","PLEC1"
"862","Q15149","PLEC"
"863","Q15149","PLEC1"
"864","Q15149","PLEC"
"865","Q15149","PLEC1"
"866","Q15149","PLEC"
"867","Q15149","PLEC1"
"868","Q9NUP9","LIN7C"
"869","Q9NUP9","MALS3"
"870","Q9NUP9","VELI3"
"871","Q14683","SMC1A"
"872","Q14683","DXS423E"
"873","Q14683","KIAA0178"
"874","Q14683","SB1.8"
"875","Q14683","SMC1"
"876","Q14683","SMC1L1"
"877","A9UHW6","MIF4GD"
"878","A9UHW6","SLIP1"
"879","Q9NPH0","ACP6"
"880","Q9NPH0","ACPL1"
"881","Q9NPH0","LPAP"
"882","Q9NPH0","UNQ205/PRO231"
"883","Q92878","RAD50"
"884","Q92878","RAD50"
"885","Q92878","RAD50"
"886","Q92878","RAD50"
"887","O14933","UBE2L6"
"888","O14933","UBCH8"
"889","P39023","RPL3"
"890","P39023","OK/SW-cl.32"
"891","Q9UHD8","SEPT9"
"892","Q9UHD8","KIAA0991"
"893","Q9UHD8","MSF"
"894","P42167","TMPO"
"895","P42167","LAP2"
"896","Q14790","CASP8"
"897","Q14790","MCH5"
"898","Q9UJY4","GGA2"
"899","Q9UJY4","KIAA1080"
"900","Q15306","IRF4"
"901","Q15306","MUM1"
"902","Q6L8Q7","PDE12"
"903","Q8TDP1","RNASEH2C"
"904","Q8TDP1","AYP1"
"905","Q13045","FLII"
"906","Q13045","FLIL"
"907","O95881","TXNDC12"
"908","O95881","TLP19"
"909","O95881","UNQ713/PRO1376"
"910","Q9Y296","TRAPPC4"
"911","Q9Y296","SBDN"
"912","Q9Y296","CGI-104"
"913","Q9Y296","HSPC172"
"914","Q9Y296","PTD009"
"915","Q00765","REEP5"
"916","Q00765","C5orf18"
"917","Q00765","DP1"
"918","Q00765","TB2"
"919","Q86X76","NIT1"
"920","Q86X76","NIT1"
"921","Q9BUH6","C9orf142"
"922","Q9BUH6","PAXX"
"923","Q9BUH6","XLS"
"924","Q13158","FADD"
"925","Q13158","MORT1"
"926","Q13158","GIG3"
"927","Q13158","FADD"
"928","Q13158","MORT1"
"929","Q13158","GIG3"
"930","Q9UBE0","SAE1"
"931","Q9UBE0","AOS1"
"932","Q9UBE0","SUA1"
"933","Q9UBE0","UBLE1A"
"934","Q9P2J5","LARS"
"935","Q9P2J5","KIAA1352"
"936","Q96PU8","QKI"
"937","Q96PU8","HKQ"
"938","Q6XZF7","DNMBP"
"939","Q6XZF7","KIAA1010"
"940","Q9Y4R8","TELO2"
"941","Q9Y4R8","KIAA0683"
"942","Q9HBM1","SPC25"
"943","Q9HBM1","SPBC25"
"944","Q9HBM1","AD024"
"945","P21980","TGM2"
"946","Q9H3U1","UNC45A"
"947","Q9H3U1","SMAP1"
"948","Q9NRW3","APOBEC3C"
"949","Q9NRW3","APOBEC1L"
"950","Q9NRW3","PBI"
"951","P55265","ADAR"
"952","P55265","ADAR1"
"953","P55265","DSRAD"
"954","P55265","G1P1"
"955","P55265","IFI4"
"956","P48735","IDH2"
"957","O60664","PLIN3"
"958","O60664","M6PRBP1"
"959","O60664","TIP47"
"960","Q9HCC0","MCCC2"
"961","Q9HCC0","MCCB"
"962","Q16831","UPP1"
"963","Q16831","UP"
"964","O00244","ATOX1"
"965","O00244","HAH1"
"966","P11216","PYGB"
"967","O15372","EIF3H"
"968","O15372","EIF3S3"
"969","Q9BRP1","PDCD2L"
"970","P30042","C21orf33"
"971","P30042","HES1"
"972","P30042","KNPI"
"973","P30042","C21orf33"
"974","P30042","HES1"
"975","P30042","KNPI"
"976","Q13425","SNTB2"
"977","Q13425","D16S2531E"
"978","Q13425","SNT2B2"
"979","Q13425","SNTL"
"980","O00159","MYO1C"
"981","Q02809","PLOD1"
"982","Q02809","LLH"
"983","Q02809","PLOD"
"984","Q96RE7","NACC1"
"985","Q96RE7","BTBD14B"
"986","Q96RE7","NAC1"
"987","Q9UPQ0","LIMCH1"
"988","Q9UPQ0","KIAA1102"
"989","O14776","TCERG1"
"990","O14776","CA150"
"991","O14776","TAF2S"
"992","Q9H410","DSN1"
"993","Q9H410","C20orf172"
"994","Q9H410","MIS13"
"995","Q12959","DLG1"
"996","Q86UV5","USP48"
"997","Q86UV5","USP31"
"998","P50454","SERPINH1"
"999","P50454","CBP1"
"1000","P50454","CBP2"
"1001","P50454","HSP47"
"1002","P50454","SERPINH2"
"1003","P50454","PIG14"
"1004","Q99798","ACO2"
"1005","Q99798","ACO2"
"1006","Q9P2T1","GMPR2"
"1007","Q9BTW9","TBCD"
"1008","Q9BTW9","KIAA0988"
"1009","Q9BTW9","SSD1"
"1010","Q9BTW9","TFCD"
"1011","Q9BTW9","PP1096"
"1012","Q8NFH5","NUP35"
"1013","Q8NFH5","MP44"
"1014","Q8NFH5","NUP53"
"1015","P32322","PYCR1"
"1016","P50851","LRBA"
"1017","P50851","BGL"
"1018","P50851","CDC4L"
"1019","P50851","LBA"
"1020","P50851","LRBA"
"1021","P50851","BGL"
"1022","P50851","CDC4L"
"1023","P50851","LBA"
"1024","Q8IWV8","UBR2"
"1025","Q8IWV8","C6orf133"
"1026","Q8IWV8","KIAA0349"
"1027","O75369","FLNB"
"1028","O75369","FLN1L"
"1029","O75369","FLN3"
"1030","O75369","TABP"
"1031","O75369","TAP"
"1032","Q9Y4P1","ATG4B"
"1033","Q9Y4P1","APG4B"
"1034","Q9Y4P1","AUTL1"
"1035","Q9Y4P1","KIAA0943"
"1036","Q8TD19","NEK9"
"1037","Q8TD19","KIAA1995"
"1038","Q8TD19","NEK8"
"1039","Q8TD19","NERCC"
"1040","Q9UMS0","NFU1"
"1041","Q9UMS0","HIRIP5"
"1042","Q9UMS0","CGI-33"
"1043","O94953","KDM4B"
"1044","O94953","JHDM3B"
"1045","O94953","JMJD2B"
"1046","O94953","KIAA0876"
"1047","P14735","IDE"
"1048","Q9NVG8","TBC1D13"
"1049","Q86TI2","DPP9"
"1050","Q86TI2","DPRP2"
"1051","O94992","HEXIM1"
"1052","O94992","CLP1"
"1053","O94992","EDG1"
"1054","O94992","HIS1"
"1055","O94992","MAQ1"
"1056","Q86YH6","PDSS2"
"1057","Q86YH6","C6orf210"
"1058","Q86YH6","DLP1"
"1059","P19447","ERCC3"
"1060","P19447","XPB"
"1061","P19447","XPBC"
"1062","Q9Y3D2","MSRB2"
"1063","Q9Y3D2","CBS-1"
"1064","Q9Y3D2","MSRB"
"1065","Q9Y3D2","CGI-131"
"1066","Q9P253","VPS18"
"1067","Q9P253","KIAA1475"
"1068","O75150","RNF40"
"1069","O75150","BRE1B"
"1070","O75150","KIAA0661"
"1071","P04818","TYMS"
"1072","P04818","TS"
"1073","P04818","OK/SW-cl.29"
"1074","Q00535","CDK5"
"1075","Q00535","CDKN5"
"1076","Q96N67","DOCK7"
"1077","Q96N67","KIAA1771"
"1078","O95340","PAPSS2"
"1079","O95340","ATPSK2"
"1080","Q6QNY0","BLOC1S3"
"1081","Q6QNY0","BLOS3"
"1082","Q7Z3B4","NUP54"
"1083","Q9UPT9","USP22"
"1084","Q9UPT9","KIAA1063"
"1085","Q9UPT9","USP3L"
"1086","Q9UPT9","USP22"
"1087","Q9UPT9","KIAA1063"
"1088","Q9UPT9","USP3L"
"1089","P45954","ACADSB"
"1090","Q9UKT9","IKZF3"
"1091","Q9UKT9","ZNFN1A3"
"1092","Q9NR50","EIF2B3"
"1093","Q9HB90","RRAGC"
"1094","Q9HB90","RRAGC"
"1095","Q5T0N5","FNBP1L"
"1096","Q5T0N5","C1orf39"
"1097","Q5T0N5","TOCA1"
"1098","P07339","CTSD"
"1099","P07339","CPSD"
"1100","Q7Z6Z7","HUWE1"
"1101","Q7Z6Z7","KIAA0312"
"1102","Q7Z6Z7","KIAA1578"
"1103","Q7Z6Z7","UREB1"
"1104","Q7Z6Z7","HSPC272"
"1105","Q7Z6Z7","HUWE1"
"1106","Q7Z6Z7","KIAA0312"
"1107","Q7Z6Z7","KIAA1578"
"1108","Q7Z6Z7","UREB1"
"1109","Q7Z6Z7","HSPC272"
"1110","Q7Z6Z7","HUWE1"
"1111","Q7Z6Z7","KIAA0312"
"1112","Q7Z6Z7","KIAA1578"
"1113","Q7Z6Z7","UREB1"
"1114","Q7Z6Z7","HSPC272"
"1115","O00267","SUPT5H"
"1116","O00267","SPT5"
"1117","O00267","SPT5H"
"1118","O95347","SMC2"
"1119","O95347","CAPE"
"1120","O95347","SMC2L1"
"1121","O95347","PRO0324"
"1122","O95347","SMC2"
"1123","O95347","CAPE"
"1124","O95347","SMC2L1"
"1125","O95347","PRO0324"
"1126","P85037","FOXK1"
"1127","P85037","MNF"
"1128","P17655","CAPN2"
"1129","P17655","CANPL2"
"1130","O14733","MAP2K7"
"1131","O14733","JNKK2"
"1132","O14733","MEK7"
"1133","O14733","MKK7"
"1134","O14733","PRKMK7"
"1135","O14733","SKK4"
"1136","O14733","MAP2K7"
"1137","O14733","JNKK2"
"1138","O14733","MEK7"
"1139","O14733","MKK7"
"1140","O14733","PRKMK7"
"1141","O14733","SKK4"
"1142","O14733","MAP2K7"
"1143","O14733","JNKK2"
"1144","O14733","MEK7"
"1145","O14733","MKK7"
"1146","O14733","PRKMK7"
"1147","O14733","SKK4"
"1148","A6NED2","RCCD1"
"1149","Q14980","NUMA1"
"1150","Q14980","NMP22"
"1151","Q14980","NUMA"
"1152","Q9NYL2","MAP3K20"
"1153","Q9NYL2","MLTK"
"1154","Q9NYL2","ZAK"
"1155","Q9NYL2","HCCS4"
"1156","Q13867","BLMH"
"1157","Q9BRJ7","NUDT16L1"
"1158","Q9BRJ7","SDOS"
"1159","Q9BRJ7","TIRR"
"1160","Q9BRJ7","NUDT16L1"
"1161","Q9BRJ7","SDOS"
"1162","Q9BRJ7","TIRR"
"1163","Q96P48","ARAP1"
"1164","Q96P48","CENTD2"
"1165","Q96P48","KIAA0782"
"1166","Q5MNZ6","WDR45B"
"1167","Q5MNZ6","WDR45L"
"1168","Q5MNZ6","WIPI3"
"1169","Q13588","GRAP"
"1170","H0Y2S0",NA
"1171","Q9ULW0","TPX2"
"1172","Q9ULW0","C20orf1"
"1173","Q9ULW0","C20orf2"
"1174","Q9ULW0","DIL2"
"1175","Q9ULW0","HCA519"
"1176","Q9HAV4","XPO5"
"1177","Q9HAV4","KIAA1291"
"1178","Q9HAV4","RANBP21"
"1179","Q9HAV4","XPO5"
"1180","Q9HAV4","KIAA1291"
"1181","Q9HAV4","RANBP21"
"1182","Q5T1V6","DDX59"
"1183","Q5T1V6","ZNHIT5"
"1184","Q5T1V6","DDX59"
"1185","Q5T1V6","ZNHIT5"
"1186","Q14181","POLA2"
"1187","Q8IZ73","RPUSD2"
"1188","Q8IZ73","C15orf19"
"1189","Q8IZ73","RPUSD2"
"1190","Q8IZ73","C15orf19"
"1191","Q86UP2","KTN1"
"1192","Q86UP2","CG1"
"1193","Q86UP2","KIAA0004"
"1194","Q9UGP4","LIMD1"
"1195","P32929","CTH"
"1196","P31153","MAT2A"
"1197","P31153","AMS2"
"1198","P31153","MATA2"
"1199","Q96NY7","CLIC6"
"1200","Q96NY7","CLIC1L"
"1201","P14635","CCNB1"
"1202","P14635","CCNB"
"1203","Q13303","KCNAB2"
"1204","Q13303","KCNA2B"
"1205","Q13303","KCNK2"
"1206","Q8ND24","RNF214"
"1207","Q14149","MORC3"
"1208","Q14149","KIAA0136"
"1209","Q14149","NXP2"
"1210","Q14149","ZCWCC3"
"1211","P13798","APEH"
"1212","P13798","D3F15S2"
"1213","P13798","D3S48E"
"1214","P13798","DNF15S2"
"1215","Q9BTE6","AARSD1"
"1216","Q9C0I1","MTMR12"
"1217","Q9C0I1","KIAA1682"
"1218","Q9C0I1","PIP3AP"
"1219","Q9C0I1","MTMR12"
"1220","Q9C0I1","KIAA1682"
"1221","Q9C0I1","PIP3AP"
"1222","P32320","CDA"
"1223","P32320","CDD"
"1224","Q9P2E9","RRBP1"
"1225","Q9P2E9","KIAA1398"
"1226","P30876","POLR2B"
"1227","Q6NZY4","ZCCHC8"
"1228","Q96EB1","ELP4"
"1229","Q96EB1","C11orf19"
"1230","Q96EB1","PAXNEB"
"1231","O60568","PLOD3"
"1232","Q8WV74","NUDT8"
"1233","Q9BR61","ACBD6"
"1234","Q8IU81","IRF2BP1"
"1235","Q9Y5T5","USP16"
"1236","Q9Y5T5","MSTP039"
"1237","Q8IWZ3","ANKHD1"
"1238","Q8IWZ3","KIAA1085"
"1239","Q8IWZ3","MASK"
"1240","Q8IWZ3","VBARP"
"1241","Q8IWZ3","PP2500"
"1242","Q00653","NFKB2"
"1243","Q00653","LYT10"
"1244","Q9BVA1","TUBB2B"
"1245","Q9NZA1","CLIC5"
"1246","O60551","NMT2"
"1247","Q16667","CDKN3"
"1248","Q16667","CDI1"
"1249","Q16667","CIP2"
"1250","Q16667","KAP"
"1251","A3KN83","SBNO1"
"1252","A3KN83","MOP3"
"1253","Q8N999","C12orf29"
"1254","Q6YN16","HSDL2"
"1255","Q6YN16","C9orf99"
"1256","Q6YN16","SDR13C1"
"1257","Q9HB19","PLEKHA2"
"1258","Q9HB19","TAPP2"
"1259","Q9HB19","PLEKHA2"
"1260","Q9HB19","TAPP2"
"1261","Q8WVV9","HNRNPLL"
"1262","Q8WVV9","HNRPLL"
"1263","Q8WVV9","SRRF"
"1264","Q8WVV9","BLOCK24"
"1265","O75175","CNOT3"
"1266","O75175","KIAA0691"
"1267","O75175","LENG2"
"1268","O75175","NOT3"
"1269","Q7L2J0","MEPCE"
"1270","Q7L2J0","BCDIN3"
"1271","P36405","ARL3"
"1272","P36405","ARFL3"
"1273","Q9Y4X0","AMMECR1"
"1274","Q9NZB2","FAM120A"
"1275","Q9NZB2","C9orf10"
"1276","Q9NZB2","KIAA0183"
"1277","Q9NZB2","OSSA"
"1278","P26358","DNMT1"
"1279","P26358","AIM"
"1280","P26358","CXXC9"
"1281","P26358","DNMT"
"1282","P26358","DNMT1"
"1283","P26358","AIM"
"1284","P26358","CXXC9"
"1285","P26358","DNMT"
"1286","Q8TB03","CXorf38"
"1287","Q9Y676","MRPS18B"
"1288","Q9Y676","C6orf14"
"1289","Q9Y676","HSPC183"
"1290","Q9Y676","PTD017"
"1291","Q9Y613","FHOD1"
"1292","Q9Y613","FHOS"
"1293","Q9Y613","FHOS1"
"1294","Q99986","VRK1"
"1295","P53992","SEC24C"
"1296","P53992","KIAA0079"
"1297","Q27J81","INF2"
"1298","Q27J81","C14orf151"
"1299","Q27J81","C14orf173"
"1300","Q27J81","INF2"
"1301","Q27J81","C14orf151"
"1302","Q27J81","C14orf173"
"1303","Q9UBB4","ATXN10"
"1304","Q9UBB4","SCA10"
"1305","Q9UBB4","ATXN10"
"1306","Q9UBB4","SCA10"
"1307","Q08378","GOLGA3"
"1308","Q8WWI1","LMO7"
"1309","Q8WWI1","FBX20"
"1310","Q8WWI1","FBXO20"
"1311","Q8WWI1","KIAA0858"
"1312","P10398","ARAF"
"1313","P10398","ARAF1"
"1314","P10398","PKS"
"1315","P10398","PKS2"
"1316","Q9NZ32","ACTR10"
"1317","Q9NZ32","ACTR11"
"1318","Q9NZ32","ARP11"
"1319","Q9Y2X3","NOP58"
"1320","Q9Y2X3","NOL5"
"1321","Q9Y2X3","NOP5"
"1322","Q9Y2X3","HSPC120"
"1323","P53396","ACLY"
"1324","P18124","RPL7"
"1325","O00541","PES1"
"1326","O00541","PES1"
"1327","Q9Y277","VDAC3"
"1328","Q02556","IRF8"
"1329","Q02556","ICSBP1"
"1330","Q01082","SPTBN1"
"1331","Q01082","SPTB2"
"1332","A2A288","ZC3H12D"
"1333","A2A288","C6orf95"
"1334","A2A288","MCPIP4"
"1335","A2A288","TFL"
"1336","O14936","CASK"
"1337","O14936","LIN2"
"1338","O43290","SART1"
"1339","Q9UBV8","PEF1"
"1340","Q9UBV8","ABP32"
"1341","Q9UBV8","UNQ1845/PRO3573"
"1342","Q6PCB5","RSBN1L"
"1343","Q08380","LGALS3BP"
"1344","Q08380","M2BP"
"1345","P57737","CORO7"
"1346","P24468","NR2F2"
"1347","P24468","ARP1"
"1348","P24468","TFCOUP2"
"1349","Q96RP9","GFM1"
"1350","Q96RP9","EFG"
"1351","Q96RP9","EFG1"
"1352","Q96RP9","GFM"
"1353","Q9NRF9","POLE3"
"1354","Q9NRF9","CHRAC17"
"1355","P30837","ALDH1B1"
"1356","P30837","ALDH5"
"1357","P30837","ALDHX"
"1358","P30837","ALDH1B1"
"1359","P30837","ALDH5"
"1360","P30837","ALDHX"
"1361","Q9NP73","ALG13"
"1362","Q9NP73","CXorf45"
"1363","Q9NP73","GLT28D1"
"1364","Q9NP73","MDS031"
"1365","P09884","POLA1"
"1366","P09884","POLA"
"1367","O95833","CLIC3"
"1368","Q9NTX5","ECHDC1"
"1369","Q14289","PTK2B"
"1370","Q14289","FAK2"
"1371","Q14289","PYK2"
"1372","Q14289","RAFTK"
"1373","P49792","RANBP2"
"1374","P49792","NUP358"
"1375","Q14137","BOP1"
"1376","Q14137","KIAA0124"
"1377","Q15345","LRRC41"
"1378","Q15345","MUF1"
"1379","Q15345","PP7759"
"1380","Q99538","LGMN"
"1381","Q99538","PRSC1"
"1382","Q96EK4","THAP11"
"1383","Q96EK4","HRIHFB2206"
"1384","O60488","ACSL4"
"1385","O60488","ACS4"
"1386","O60488","FACL4"
"1387","O60488","LACS4"
"1388","Q96EY5","MVB12A"
"1389","Q96EY5","CFBP"
"1390","Q96EY5","FAM125A"
"1391","P22307","SCP2"
"1392","P22307","SCP2"
"1393","Q969Z0","TBRG4"
"1394","Q969Z0","CPR2"
"1395","Q969Z0","FASTKD4"
"1396","Q969Z0","KIAA0948"
"1397","Q5JPI3","C3orf38"
"1398","Q9NRA8","EIF4ENIF1"
"1399","Q15648","MED1"
"1400","Q15648","ARC205"
"1401","Q15648","CRSP1"
"1402","Q15648","CRSP200"
"1403","Q15648","DRIP205"
"1404","Q15648","DRIP230"
"1405","Q15648","PBP"
"1406","Q15648","PPARBP"
"1407","Q15648","PPARGBP"
"1408","Q15648","RB18A"
"1409","Q15648","TRAP220"
"1410","Q15648","TRIP2"
"1411","Q8IZ69","TRMT2A"
"1412","Q8IZ69","HTF9C"
"1413","Q04206","RELA"
"1414","Q04206","NFKB3"
"1415","O15533","TAPBP"
"1416","O15533","NGS17"
"1417","O15533","TAPA"
"1418","Q9BUP3","HTATIP2"
"1419","Q9BUP3","CC3"
"1420","Q9BUP3","TIP30"
"1421","P53384","NUBP1"
"1422","P53384","NBP"
"1423","P53384","NBP1"
"1424","Q7Z5K2","WAPL"
"1425","Q7Z5K2","FOE"
"1426","Q7Z5K2","KIAA0261"
"1427","Q7Z5K2","WAPAL"
"1428","Q9Y5S2","CDC42BPB"
"1429","Q9Y5S2","KIAA1124"
"1430","Q15024","EXOSC7"
"1431","Q15024","KIAA0116"
"1432","Q15024","RRP42"
"1433","P40855","PEX19"
"1434","P40855","HK33"
"1435","P40855","PXF"
"1436","P40855","OK/SW-cl.22"
"1437","Q15910","EZH2"
"1438","Q15910","KMT6"
"1439","Q12789","GTF3C1"
"1440","Q15796","SMAD2"
"1441","Q15796","MADH2"
"1442","Q15796","MADR2"
"1443","Q9UL15","BAG5"
"1444","Q9UL15","KIAA0873"
"1445","Q8N9T8","KRI1"
"1446","Q9Y679","AUP1"
"1447","O75179","ANKRD17"
"1448","O75179","GTAR"
"1449","O75179","KIAA0697"
"1450","P31323","PRKAR2B"
"1451","Q9HBL8","NMRAL1"
"1452","Q9HBL8","HSCARG"
"1453","Q96RU2","USP28"
"1454","Q96RU2","KIAA1515"
"1455","P17858","PFKL"
"1456","Q96F07","CYFIP2"
"1457","Q96F07","KIAA1168"
"1458","Q96F07","PIR121"
"1459","P42695","NCAPD3"
"1460","P42695","CAPD3"
"1461","P42695","KIAA0056"
"1462","Q9Y2S7","POLDIP2"
"1463","Q9Y2S7","PDIP38"
"1464","Q9Y2S7","POLD4"
"1465","Q9Y2S7","HSPC017"
"1466","P52948","NUP98"
"1467","P52948","ADAR2"
"1468","Q9UER7","DAXX"
"1469","Q9UER7","BING2"
"1470","Q9UER7","DAP6"
"1471","Q9H4L7","SMARCAD1"
"1472","Q9H4L7","KIAA1122"
"1473","Q9Y570","PPME1"
"1474","Q9Y570","PME1"
"1475","Q9Y570","PP2593"
"1476","Q9Y570","PRO0750"
"1477","P52701","MSH6"
"1478","P52701","GTBP"
"1479","P33992","MCM5"
"1480","P33992","CDC46"
"1481","E2QRD5",NA
"1482","Q16877","PFKFB4"
"1483","Q9BSQ5","CCM2"
"1484","Q9BSQ5","C7orf22"
"1485","Q9BSQ5","PP10187"
"1486","Q00013","MPP1"
"1487","Q00013","DXS552E"
"1488","Q00013","EMP55"
"1489","Q6UWP2","DHRS11"
"1490","Q6UWP2","SDR24C1"
"1491","Q6UWP2","UNQ836/PRO1774"
"1492","Q8N556","AFAP1"
"1493","Q8N556","AFAP"
"1494","Q9NXJ5","PGPEP1"
"1495","Q9NXJ5","PGPI"
"1496","Q8IYS1","PM20D2"
"1497","Q8IYS1","ACY1L2"
"1498","Q68CZ2","TNS3"
"1499","Q68CZ2","TEM6"
"1500","Q68CZ2","TENS1"
"1501","Q68CZ2","TPP"
"1502","O75592","MYCBP2"
"1503","O75592","KIAA0916"
"1504","O75592","PAM"
"1505","Q5VUA4","ZNF318"
"1506","Q5VUA4","HRIHFB2436"
"1507","Q9H3M7","TXNIP"
"1508","Q9H3M7","VDUP1"
"1509","Q92619","ARHGAP45"
"1510","Q92619","HMHA1"
"1511","Q92619","KIAA0223"
"1512","P46013","MKI67"
"1513","Q9UI30","TRMT112"
"1514","Q9UI30","AD-001"
"1515","Q9UI30","HSPC152"
"1516","Q9UI30","HSPC170"
"1517","Q92797","SYMPK"
"1518","Q92797","SPK"
"1519","O76075","DFFB"
"1520","O76075","CAD"
"1521","O76075","DFF2"
"1522","O76075","DFF40"
"1523","P04150","NR3C1"
"1524","P04150","GRL"
"1525","P04150","NR3C1"
"1526","P04150","GRL"
"1527","Q96JH7","VCPIP1"
"1528","Q96JH7","KIAA1850"
"1529","Q96JH7","VCIP135"
"1530","Q8NEC7","GSTCD"
"1531","P48200","IREB2"
"1532","Q8WTW3","COG1"
"1533","Q8WTW3","KIAA1381"
"1534","Q8WTW3","LDLB"
"1535","Q9BYX2","TBC1D2"
"1536","Q9BYX2","PARIS1"
"1537","Q9BYX2","PP8997"
"1538","Q9BYX2","TBC1D2A"
"1539","P51991","HNRNPA3"
"1540","P51991","HNRPA3"
"1541","Q5UIP0","RIF1"
"1542","Q5T440","IBA57"
"1543","Q5T440","C1orf69"
"1544","Q5T440","IBA57"
"1545","Q5T440","C1orf69"
"1546","P46821","MAP1B"
"1547","Q9BT09","CNPY3"
"1548","Q9BT09","CTG4A"
"1549","Q9BT09","ERDA5"
"1550","Q9BT09","PRAT4A"
"1551","Q9BT09","TNRC5"
"1552","Q9BT09","HSPC084"
"1553","Q9BT09","UNQ1934/PRO4409"
"1554","Q8IXB1","DNAJC10"
"1555","Q8IXB1","ERDJ5"
"1556","Q8IXB1","UNQ495/PRO1012"
"1557","O00622","CYR61"
"1558","O00622","CCN1"
"1559","O00622","GIG1"
"1560","O00622","IGFBP10"
"1561","O00622","CYR61"
"1562","O00622","CCN1"
"1563","O00622","GIG1"
"1564","O00622","IGFBP10"
"1565","O00622","CYR61"
"1566","O00622","CCN1"
"1567","O00622","GIG1"
"1568","O00622","IGFBP10"
"1569","Q69YN2","CWF19L1"
"1570","Q8TEX9","IPO4"
"1571","Q8TEX9","IMP4B"
"1572","Q8TEX9","RANBP4"
"1573","Q9Y6W3","CAPN7"
"1574","Q9Y6W3","PALBH"
"1575","Q9Y6Y8","SEC23IP"
"1576","Q9Y6Y8","MSTP053"
"1577","Q9ULX6","AKAP8L"
"1578","Q9ULX6","NAKAP"
"1579","Q9ULX6","NAKAP95"
"1580","Q9ULX6","HRIHFB2018"
"1581","Q13630","TSTA3"
"1582","Q13630","SDR4E1"
"1583","Q9GZR2","REXO4"
"1584","Q9GZR2","PMC2"
"1585","Q9GZR2","XPMC2H"
"1586","Q8WXD5","GEMIN6"
"1587","Q15118","PDK1"
"1588","Q15118","PDHK1"
"1589","Q8WXE1","ATRIP"
"1590","Q8WXE1","AGS1"
"1591","Q8N2W9","PIAS4"
"1592","Q8N2W9","PIASG"
"1593","Q14141","SEPT6"
"1594","Q14141","KIAA0128"
"1595","Q14141","SEP2"
"1596","Q8IYQ7","THNSL1"
"1597","P49419","ALDH7A1"
"1598","P49419","ATQ1"
"1599","Q9ULJ3","ZBTB21"
"1600","Q9ULJ3","KIAA1227"
"1601","Q9ULJ3","ZNF295"
"1602","O76031","CLPX"
"1603","Q01581","HMGCS1"
"1604","Q01581","HMGCS"
"1605","Q9UL45","BLOC1S6"
"1606","Q9UL45","PA"
"1607","Q9UL45","PLDN"
"1608","Q9HAU4","SMURF2"
"1609","Q8TCG1","KIAA1524"
"1610","Q8TCG1","CIP2A"
"1611","Q9P0K7","RAI14"
"1612","Q9P0K7","KIAA1334"
"1613","Q9P0K7","NORPEG"
"1614","Q7Z2Z2","EFL1"
"1615","Q7Z2Z2","EFTUD1"
"1616","Q7Z2Z2","FAM42A"
"1617","Q5JTD0","TJAP1"
"1618","Q5JTD0","PILT"
"1619","Q5JTD0","TJP4"
"1620","Q15022","SUZ12"
"1621","Q15022","CHET9"
"1622","Q15022","JJAZ1"
"1623","Q15022","KIAA0160"
"1624","Q9H0L4","CSTF2T"
"1625","Q9H0L4","KIAA0689"
"1626","Q03169","TNFAIP2"
"1627","Q06187","BTK"
"1628","Q06187","AGMX1"
"1629","Q06187","ATK"
"1630","Q06187","BPK"
"1631","Q96N21","TEPSIN"
"1632","Q96N21","C17orf56"
"1633","Q96N21","ENTHD2"
"1634","Q7Z401","DENND4A"
"1635","Q7Z401","IRLB"
"1636","Q7Z401","MYCPBP"
"1637","Q7Z401","DENND4A"
"1638","Q7Z401","IRLB"
"1639","Q7Z401","MYCPBP"
"1640","Q9H307","PNN"
"1641","Q9H307","DRS"
"1642","Q9H307","MEMA"
"1643","Q96DF8","DGCR14"
"1644","Q96DF8","DGCR13"
"1645","Q96DF8","DGSH"
"1646","Q96DF8","DGSI"
"1647","Q96DF8","ES2"
"1648","Q7L8W6","DPH6"
"1649","Q7L8W6","ATPBD4"
"1650","Q13232","NME3"
"1651","Q9NWA0","MED9"
"1652","Q9NWA0","MED25"
"1653","Q9BZ67","FRMD8"
"1654","Q9BZ67","FKSG44"
"1655","P51617","IRAK1"
"1656","P51617","IRAK"
"1657","Q9Y4W2","LAS1L"
"1658","Q9Y4W2","MSTP060"
"1659","Q9NX18","SDHAF2"
"1660","Q9NX18","C11orf79"
"1661","Q9NX18","PGL2"
"1662","Q9NX18","SDH5"
"1663","Q969H6","POP5"
"1664","Q969H6","AD-008"
"1665","Q969H6","HSPC004"
"1666","Q969H6","x0003"
"1667","Q96IV0","NGLY1"
"1668","Q96IV0","PNG1"
"1669","P42575","CASP2"
"1670","P42575","ICH1"
"1671","P42575","NEDD2"
"1672","P51812","RPS6KA3"
"1673","P51812","ISPK1"
"1674","P51812","MAPKAPK1B"
"1675","P51812","RSK2"
"1676","P51812","RPS6KA3"
"1677","P51812","ISPK1"
"1678","P51812","MAPKAPK1B"
"1679","P51812","RSK2"
"1680","P09086","POU2F2"
"1681","P09086","OCT2"
"1682","P09086","OTF2"
"1683","Q8IWV7","UBR1"
"1684","Q9H0W8","SMG9"
"1685","Q9H0W8","C19orf61"
"1686","O96017","CHEK2"
"1687","O96017","CDS1"
"1688","O96017","CHK2"
"1689","O96017","RAD53"
"1690","Q96RU3","FNBP1"
"1691","Q96RU3","FBP17"
"1692","Q96RU3","KIAA0554"
"1693","O15357","INPPL1"
"1694","O15357","SHIP2"
"1695","Q8N5L8","RPP25L"
"1696","Q8N5L8","C9orf23"
"1697","O60443","DFNA5"
"1698","O60443","ICERE1"
"1699","Q9NU22","MDN1"
"1700","Q9NU22","KIAA0301"
"1701","Q09472","EP300"
"1702","Q09472","P300"
"1703","P12532","CKMT1A"
"1704","P12532","CKMT;"
"1705","P12532","CKMT1B"
"1706","P12532","CKMT"
"1707","Q9P2X3","IMPACT"
"1708","Q92667","AKAP1"
"1709","Q92667","AKAP149"
"1710","Q92667","PRKA1"
"1711","Q01201","RELB"
"1712","Q9UPN9","TRIM33"
"1713","Q9UPN9","KIAA1113"
"1714","Q9UPN9","RFG7"
"1715","Q9UPN9","TIF1G"
"1716","Q9BSD7","NTPCR"
"1717","Q9BSD7","C1orf57"
"1718","Q8IV53","DENND1C"
"1719","Q8IV53","FAM31C"
"1720","P49903","SEPHS1"
"1721","P49903","SELD"
"1722","P49903","SPS"
"1723","P49903","SPS1"
"1724","Q70CQ2","USP34"
"1725","Q70CQ2","KIAA0570"
"1726","Q70CQ2","KIAA0729"
"1727","Q70CQ2","USP34"
"1728","Q70CQ2","KIAA0570"
"1729","Q70CQ2","KIAA0729"
"1730","O43439","CBFA2T2"
"1731","O43439","EHT"
"1732","O43439","MTGR1"
"1733","Q9BWH6","RPAP1"
"1734","Q9BWH6","KIAA1403"
"1735","Q6AI12","ANKRD40"
"1736","Q5GLZ8","HERC4"
"1737","Q5GLZ8","KIAA1593"
"1738","Q9Y5A7","NUB1"
"1739","Q9Y5A7","NYREN18"
"1740","Q6PJG6","BRAT1"
"1741","Q6PJG6","BAAT1"
"1742","Q6PJG6","C7orf27"
"1743","Q6PJG6","BRAT1"
"1744","Q6PJG6","BAAT1"
"1745","Q6PJG6","C7orf27"
"1746","Q6PJG6","BRAT1"
"1747","Q6PJG6","BAAT1"
"1748","Q6PJG6","C7orf27"
"1749","Q8NB90","SPATA5"
"1750","Q8NB90","AFG2"
"1751","Q8NB90","SPAF"
"1752","Q9ULT8","HECTD1"
"1753","Q9ULT8","KIAA1131"
"1754","Q9NUI1","DECR2"
"1755","Q9NUI1","PDCR"
"1756","Q9NUI1","SDR17C1"
"1757","Q9P0V9","SEPT10"
"1758","Q8WX93","PALLD"
"1759","Q8WX93","KIAA0992"
"1760","Q8WX93","CGI-151"
"1761","Q9Y4B4","RAD54L2"
"1762","Q9Y4B4","ARIP4"
"1763","Q9Y4B4","KIAA0809"
"1764","P41226","UBA7"
"1765","P41226","UBE1L"
"1766","P41226","UBE2"
"1767","Q9BZQ6","EDEM3"
"1768","Q9BZQ6","C1orf22"
"1769","P52732","KIF11"
"1770","P52732","EG5"
"1771","P52732","KNSL1"
"1772","P52732","TRIP5"
"1773","P14598","NCF1"
"1774","P14598","NOXO2"
"1775","P14598","SH3PXD1A"
"1776","Q9UL40","ZNF346"
"1777","Q9UL40","JAZ"
"1778","Q9C0C9","UBE2O"
"1779","Q9C0C9","KIAA1734"
"1780","O95239","KIF4A"
"1781","O95239","KIF4"
"1782","Q8WYP5","AHCTF1"
"1783","Q8WYP5","ELYS"
"1784","Q8WYP5","TMBS62"
"1785","Q8WYP5","MSTP108"
"1786","Q93074","MED12"
"1787","Q93074","ARC240"
"1788","Q93074","CAGH45"
"1789","Q93074","HOPA"
"1790","Q93074","KIAA0192"
"1791","Q93074","TNRC11"
"1792","Q93074","TRAP230"
"1793","Q93074","MED12"
"1794","Q93074","ARC240"
"1795","Q93074","CAGH45"
"1796","Q93074","HOPA"
"1797","Q93074","KIAA0192"
"1798","Q93074","TNRC11"
"1799","Q93074","TRAP230"
"1800","Q16610","ECM1"
"1801","Q2VPK5","CTU2"
"1802","Q2VPK5","C16orf84"
"1803","Q2VPK5","NCS2"
"1804","Q9UI10","EIF2B4"
"1805","Q9UI10","EIF2BD"
"1806","Q9UPW5","AGTPBP1"
"1807","Q9UPW5","CCP1"
"1808","Q9UPW5","KIAA1035"
"1809","Q9UPW5","NNA1"
"1810","Q13613","MTMR1"
"1811","P39877","PLA2G5"
"1812","Q14207","NPAT"
"1813","Q14207","CAND3"
"1814","Q14207","E14"
"1815","P42704","LRPPRC"
"1816","P42704","LRP130"
"1817","Q9Y5R8","TRAPPC1"
"1818","Q9Y5R8","BET5"
"1819","Q9Y5R8","MUM2"
"1820","O60566","BUB1B"
"1821","O60566","BUBR1"
"1822","O60566","MAD3L"
"1823","O60566","SSK1"
"1824","Q5TGY3","AHDC1"
"1825","P43403","ZAP70"
"1826","P43403","SRK"
"1827","P07602","PSAP"
"1828","P07602","GLBA"
"1829","P07602","SAP1"
"1830","Q96FA3","PELI1"
"1831","Q96FA3","PRISM"
"1832","Q8IY17","PNPLA6"
"1833","Q8IY17","NTE"
"1834","Q8IY18","SMC5"
"1835","Q8IY18","KIAA0594"
"1836","Q8IY18","SMC5L1"
"1837","Q9NTJ3","SMC4"
"1838","Q9NTJ3","CAPC"
"1839","Q9NTJ3","SMC4L1"
"1840","Q07065","CKAP4"
"1841","Q86U44","METTL3"
"1842","Q86U44","MTA70"
"1843","Q9H479","FN3K"
"1844","Q8NFY9","KBTBD8"
"1845","Q8NFY9","KIAA1842"
"1846","Q8NFY9","TAKRP"
"1847","Q9UHQ1","NARF"
"1848","Q15042","RAB3GAP1"
"1849","Q15042","KIAA0066"
"1850","Q15042","RAB3GAP"
"1851","Q9H0E9","BRD8"
"1852","Q9H0E9","SMAP"
"1853","Q9H0E9","SMAP2"
"1854","P51878","CASP5"
"1855","P51878","ICH3"
"1856","Q9UPQ9","TNRC6B"
"1857","Q9UPQ9","KIAA1093"
"1858","P27540","ARNT"
"1859","P27540","BHLHE2"
"1860","Q96C01","FAM136A"
"1861","Q9NQZ5","STARD7"
"1862","Q9NQZ5","GTT1"
"1863","Q9H9P8","L2HGDH"
"1864","Q9H9P8","C14orf160"
"1865","Q8NBX0","SCCPDH"
"1866","Q8NBX0","CGI-49"
"1867","Q8NFF5","FLAD1"
"1868","Q8NFF5","PP591"
"1869","Q9C0C2","TNKS1BP1"
"1870","Q9C0C2","KIAA1741"
"1871","Q9C0C2","TAB182"
"1872","Q9Y4C1","KDM3A"
"1873","Q9Y4C1","JHDM2A"
"1874","Q9Y4C1","JMJD1"
"1875","Q9Y4C1","JMJD1A"
"1876","Q9Y4C1","KIAA0742"
"1877","Q9Y4C1","TSGA"
"1878","Q8N5C7","DTWD1"
"1879","Q8N5C7","MDS009"
"1880","Q9BVP2","GNL3"
"1881","Q9BVP2","E2IG3"
"1882","Q9BVP2","NS"
"1883","Q6ZS81","WDFY4"
"1884","Q6ZS81","C10orf64"
"1885","Q6ZS81","KIAA1607"
"1886","O94829","IPO13"
"1887","O94829","KIAA0724"
"1888","O94829","RANBP13"
"1889","Q9BRT3","MIEN1"
"1890","Q9BRT3","C17orf37"
"1891","Q9BRT3","RDX12"
"1892","Q9BRT3","XTP4"
"1893","Q96NE9","FRMD6"
"1894","Q96NE9","C14orf31"
"1895","Q6VMQ6","ATF7IP"
"1896","Q6VMQ6","MCAF"
"1897","Q6VMQ6","MCAF1"
"1898","P68371","TUBB4B"
"1899","P68371","TUBB2C"
"1900","Q8WVB6","CHTF18"
"1901","Q8WVB6","C16orf41"
"1902","Q8WVB6","CTF18"
